_MSSMBD01M047|MF11-MA-1
_MSSMBD01M048|MF11-MA-2
_MSSMBD01M049|MF11-MA-4
_MSSMBD01M050|MF11-S1
_MSSMBD01M051|MF11-S11
_MSSMBD01M052|MF11-S17
_MSSMBD01M053|MF11-S19
_MSSMBD01M054|MF11-W-001
_MSSMBD01M055|MF11-W-002
_MSSMBD01M056|MF11-W-003
_MSSMBD01M057|MF11-W-004
_MSSMBD01M058|MF11-W-005
_MSSMBD01M059|MF11-W-006
_MSSMBD01M060|MF11-W-007
_MSSMBD01M061|MF11-W-008
_MSSMBD01M062|MF11-W-009
_MSSMBD01M063|MF11-W-010
_MSSMBD01M064|MF11-W-011
_MSSMBD01M065|MF11-W-012
_MSSMBD01M066|MF11-W-013
_MSSMBD01M067|MF11-W-015
_MSSMBD01M068|MF11-W-016
_MSSMBD01M069|MF11-W-018
_MSSMBD01M070|MF11-W-019
_MSSMBD01M071|MF11-W-020
_MSSMBD01M072|MF11-W-021
_MSSMBD01M073|MF11-W-022
_MSSMBD01M074|MF11-W-023
_MSSMBD01M075|MF11-W-024
_MSSMBD01M076|MF11-W-026
_MSSMBD01M077|MF11-W-027
_MSSMBD01M078|MF11-W-028
_MSSMBD01M079|MF11-W-029
_MSSMBD01M080|MF11-W-030
_MSSMBD01M081|MF11-W-031
_MSSMBD01M082|MF11-W-032
_MSSMBD01M083|MF11-W-033
_MSSMBD01M084|MF11-W-034
_MSSMBD01M085|MF11-W-035
_MSSMBD01M086|MF11-W-036
_MSSMBD01M087|MF11-W-039
_MSSMBD01M088|MF11-W-040
_MSSMBD01M089|MF11-W-041
_MSSMBD01M090|MF11-W-042
_MSSMBD01M091|MF11-W-043
_MSSMBD01M092|MF11-W-044
_MSSMBD01M093|MF11-W-045
_MSSMBD01M094|MF11-W-046
_MSSMBD01M095|MF11-W-047
_MSSMBD01M096|MF11-W-048
_MSSMBD01M097|MF11-W-050
_MSSMBD01M098|MF11-W-051
_MSSMBD01M099|MF11-W-052
_MSSMBD01M100|MF11-W-053
_MSSMBD01M101|MF11-W-054
_MSSMBD01M102|MF11-W-055
_MSSMBD01M103|MF11-W-056
_MSSMBD01M104|MF11-W-057
_MSSMBD01M105|MF11-W-058
_MSSMBD01M106|MF11-W-059
_MSSMBD01M107|MF11-W-060
_MSSMBD01M108|MF11-W-061
_MSSMBD01M109|MF11-W-062
_MSSMBD01M110|MF11-W-064
_MSSMBD01M111|MF11-W-065
_MSSMBD01M112|MF11-W-066
_MSSMBD01M113|MF11-W-067
_MSSMBD01M114|MF11-W-068
_MSSMBD01M115|MF31-GR204
_MSSMBD01M116|MF31-GR205
_MSSMBD01M117|MF31-GR306
_MSSMBD01M118|MF31-GR307
_MSSMBD01M119|MF31-GR308
_MSSMBD01M120|MF31-GR309
_MSSMBD01M121|MF31-GR310
_MSSMBD01M122|MF31-GR311
_MSSMBD01M123|MF31-GR312
_MSSMBD01M124|MF31-GR313
_MSSMBD01M125|MF31-GR314
_MSSMBD01M126|MF31-GR315
_MSSMBD01M127|MF610-03
_MSSMBD01M128|MF610-04
_MSSMBD01M129|MF610-05
_MSSMBD01M130|MF610-06
_MSSMBD01M131|MF610-07
_MSSMBD01M132|MF610-08
_MSSMBD01M133|MF610-11
_MSSMBD01M134|MF610-12
_MSSMBD01M135|MF610-13
_MSSMBD01M136|MF610-41
_MSSMBD01M137|MF30-BH103
_MSSMBD01M138|MF30-BH101
|
